pair1,pair2,label
40016384_0,960792_0,NO
233083_1,31248454_1,YES
28571096_2,15349136_2,NO
19875342_3,20535093_3,NO
30402137_4,25769727_4,YES
3287227_5,34657164_5,NO
46201672_6,6963638_6,YES
40041799_7,29206825_7,NO
8082520_8,43808996_8,YES
207577883_9,29056083_9,YES
25541281_10,206796819_10,NO
38348530_11,22751623_11,YES
20652642_12,162992_12,YES
40860671_13,207582306_13,YES
44554718_14,29029464_14,NO
13853575_15,11254860_15,YES
41770924_16,44280533_16,YES
22916823_17,18195123_17,YES
25231335_18,28267893_18,YES
23138584_19,44350743_19,YES
34044221_20,21037155_20,YES
17107005_21,23645248_21,NO
31955859_22,205577524_22,NO
13477821_23,9262360_23,NO
40125883_24,205280760_24,YES
6266003_25,13831426_25,NO
6911669_26,23601179_26,YES
35662198_27,5933035_27,YES
29252628_28,23092982_28,YES
20270020_29,2150761_29,YES
6284669_30,54524660_30,NO
1039880_31,10418147_31,YES
19281218_32,43804085_32,YES
37449936_33,40193873_33,YES
6364435_34,9663847_34,YES
24457181_35,37968386_35,YES
95428602_36,29618520_36,YES
30436302_37,23325325_37,YES
12431392_38,9670857_38,NO
10283407_39,4422728_39,YES
44753395_40,40970131_40,NO
42353310_41,206322148_41,YES
18021194_42,12025954_42,NO
27462253_43,6554348_43,YES
29245807_44,47565987_44,NO
23691906_45,21098360_45,NO
21420715_46,46053217_46,YES
2764149_47,23322446_47,NO
26115214_48,42199008_48,YES
37672175_49,18667178_49,YES
8821989_50,23174670_50,YES
20332158_51,205720250_51,NO
37646254_52,27825241_52,YES
9002970_53,20782600_53,NO
29781705_54,43551538_54,YES
36951102_55,206171669_55,NO
12613684_56,42203434_56,YES
4615307_57,15914206_57,NO
1309076_58,3144290_58,YES
9639402_59,22340165_59,YES
6905192_60,35580408_60,NO
24695156_61,20552950_61,NO
25805031_62,13146923_62,YES
26305501_63,29375854_63,YES
19208223_64,12709822_64,YES
30677516_65,24590632_65,NO
45798519_66,22462893_66,YES
22769292_67,42978101_67,YES
31031327_68,18555426_68,YES
20926347_69,14358785_69,YES
21773427_70,1794611_70,YES
16625717_71,26797974_71,YES
27891165_72,17005927_72,NO
46486752_73,1037830_73,NO
31812948_74,1127221_74,YES
43852617_75,20007719_75,YES
10931952_76,34069539_76,NO
602532_77,30528784_77,YES
9075862_78,29340762_78,YES
40896243_79,5304657_79,YES
45639469_80,45120093_80,YES
11584598_81,11219951_81,YES
33602225_82,38456184_82,YES
34836924_83,42567236_83,YES
1923797_84,30111804_84,YES
11189326_85,33638911_85,YES
41025183_86,31987058_86,YES
7307591_87,26673194_87,YES
8766200_88,206018601_88,NO
1458468_89,207441899_89,NO
4522859_90,15963758_90,NO
7952934_91,17413097_91,NO
36600954_92,9060959_92,NO
26095777_93,5639770_93,YES
21231455_94,41884784_94,NO
21379875_95,42765448_95,YES
28409008_96,46434839_96,YES
2565241_97,6014580_97,YES
25598125_98,15240238_98,NO
27474490_99,46804093_99,YES
207441007_100,11099268_100,YES
7902286_101,9058103_101,NO
12123106_102,45801372_102,NO
3976036_103,42652098_103,NO
32612424_104,33657192_104,YES
10787533_105,33185947_105,YES
41198795_106,20976266_106,YES
46655229_107,24645443_107,YES
38387907_108,205695824_108,YES
45925528_109,2139264_109,NO
41639895_110,23048613_110,NO
23127102_111,33233086_111,NO
13093633_112,33345113_112,YES
20363013_113,22369318_113,YES
22502867_114,7697740_114,YES
20765305_115,784578_115,YES
12061629_116,7307728_116,YES
25634743_117,24149871_117,YES
22000794_118,24470878_118,YES
6470057_119,5390376_119,YES
45940023_120,41389640_120,YES
42555859_121,41137780_121,YES
35453310_122,42066473_122,YES
45056762_123,10049915_123,YES
36794714_124,1807747_124,YES
819870_125,12991943_125,YES
44673209_126,5163898_126,NO
3370998_127,136559_127,NO
32431796_128,10840942_128,YES
2732362_129,14249692_129,YES
29054402_130,34300297_130,YES
651073_131,3243294_131,YES
11787808_132,30319615_132,YES
23422252_133,3974210_133,NO
21065858_134,35246328_134,NO
11640793_135,19706854_135,YES
21345230_136,37179107_136,NO
28827701_137,27891539_137,YES
19879529_138,15056102_138,NO
26937120_139,7609328_139,YES
18087067_140,38047515_140,NO
18765417_141,43520451_141,YES
1270876_142,6359225_142,YES
32507157_143,29214540_143,YES
19830623_144,4914613_144,NO
38825599_145,206864977_145,YES
28158585_146,205214250_146,YES
1908596_148,5292611_148,NO
28887197_149,206153125_149,YES
5264873_150,1977770_150,YES
23799189_151,36514778_151,NO
15498342_152,30350381_152,YES
30220716_153,5581687_153,YES
7475787_154,29082868_154,NO
26183044_155,12773010_155,YES
33104494_156,33212194_156,NO
43781827_157,38951713_157,YES
42497479_158,28494937_158,YES
7047078_159,18127444_159,NO
27138697_160,21067684_160,NO
40404661_161,7219749_161,NO
3128537_162,3718396_162,YES
42791013_163,34995700_163,YES
39336875_164,25308243_164,YES
15157485_165,43408350_165,NO
3331059_166,36798189_166,NO
41913416_167,9085763_167,YES
3168618_168,7865280_168,YES
29782328_169,34414895_169,NO
30661798_170,15575851_170,YES
174022_171,206286745_171,NO
25994914_172,18454929_172,YES
37179208_173,13391032_173,YES
8771060_174,5858006_174,NO
36008189_175,30533737_175,YES
33840219_176,37228523_176,NO
18092843_177,17427338_177,YES
16769171_178,22064295_178,YES
5455882_179,32257376_179,YES
2574560_180,742552_180,YES
13268807_181,30454966_181,NO
4586880_182,31101318_182,YES
8005161_183,44358334_183,NO
25770424_184,31671694_184,YES
42028863_185,46080116_185,YES
23776059_186,30664529_186,YES
25186585_187,7828972_187,YES
33276249_188,6647020_188,NO
31339711_189,42360378_189,YES
13590191_190,11323412_190,YES
38784169_191,44030111_191,YES
10990972_192,39519433_192,NO
25289420_193,205272566_193,NO
28573571_194,18583678_194,NO
30791039_195,2696934_195,NO
25676758_196,7285025_196,YES
42335055_197,21385912_197,NO
31609778_198,40513334_198,NO
9037238_199,116088551_199,NO
32030328_200,18283020_200,NO
34393704_201,26912654_201,NO
22840040_202,19838887_202,YES
23912297_203,30853180_203,YES
23855283_204,26979096_204,YES
25782236_205,134944_205,YES
41662366_206,44639164_206,YES
24525966_207,23674305_207,NO
3139288_208,206541422_208,YES
29253466_209,42942283_209,NO
18810235_210,45286742_210,YES
27175657_211,8334827_211,YES
39413616_212,44274785_212,YES
23054919_213,24531690_213,YES
9525008_214,20068330_214,NO
41182639_215,11127660_215,YES
23877690_216,23819438_216,NO
17808552_217,21883379_217,YES
23463504_218,25107550_218,NO
2711404_219,2210497_219,YES
12063635_220,2351169_220,YES
41559302_221,39688660_221,YES
25218576_222,24210485_222,YES
206781305_223,207083788_223,YES
34080870_224,9444542_224,NO
38336458_225,16614989_225,NO
27258398_226,25598725_226,YES
24546787_227,5968243_227,NO
33297633_228,22009179_228,YES
39197297_229,5291072_229,YES
12612101_230,38080189_230,YES
31715262_231,28612791_231,YES
20046539_232,2305970_232,YES
2639454_233,5605527_233,NO
27468451_234,37282879_234,YES
28604433_235,45381927_235,YES
31875375_236,33190582_236,YES
6178122_237,205572416_237,YES
29111757_238,19641051_238,YES
9563740_239,21302739_239,YES
5453444_240,29760366_240,YES
5779293_241,36686665_241,YES
18522785_242,11167166_242,YES
24122330_243,205001374_243,NO
19934144_244,22714569_244,YES
25846235_245,24067136_245,YES
25715579_246,1633554_246,YES
1891421_247,23086690_247,YES
23607640_248,9027081_248,YES
34579821_249,205600269_249,NO
22363633_250,17902644_250,YES
24694042_251,14823363_251,YES
4859396_252,12806079_252,YES
1468633_253,6373764_253,NO
205531188_254,17841111_254,YES
7846831_255,30114023_255,YES
41508830_256,6352899_256,YES
23150318_257,7988889_257,YES
17518847_258,45743444_258,NO
13140550_259,24288480_259,YES
22581821_260,16084831_260,YES
37177332_261,23445173_261,YES
7712557_262,44267306_262,NO
34563732_263,206116108_263,YES
33915951_264,32589745_264,YES
7078991_265,4442472_265,YES
15390987_266,41502774_266,YES
18504414_267,10487181_267,NO
27022221_268,10290819_268,YES
2818951_269,9285059_269,YES
25175112_270,39525453_270,NO
23295884_271,5690235_271,YES
32760066_272,12082679_272,YES
13935787_273,45704342_273,NO
43520516_274,12970067_274,YES
20951630_275,20926452_275,NO
43526190_277,13299318_277,NO
1526481_278,15655226_278,YES
24837027_279,32945186_279,YES
3145063_280,17820497_280,YES
12700348_281,46064410_281,YES
22642651_282,1103308_282,NO
21913599_283,24247791_283,YES
709212_284,17433415_284,YES
25523034_285,46565241_285,YES
3111344_286,28120874_286,YES
19458870_287,7467188_287,YES
40042145_288,1723831_288,YES
29600182_289,7132675_289,YES
38800547_290,33690014_290,YES
11430_291,10822099_291,YES
19061401_292,38756669_292,NO
46383023_293,8326340_293,NO
41319701_294,25099204_294,YES
2496470_295,21603680_295,YES
12074149_296,24740017_296,NO
13610432_297,22276416_297,YES
12863954_298,20107032_298,NO
40138586_299,3077221_299,NO
6644947_300,34820071_300,NO
25338369_301,21447268_301,YES
25881167_302,24100935_302,YES
38136044_303,9034322_303,YES
44442855_304,2119572_304,NO
24104703_305,14889525_305,YES
24224258_306,25189517_306,NO
35348_307,21028088_307,YES
46574174_308,34269395_308,NO
27871894_309,24701714_309,NO
3344302_310,35960538_310,NO
11831407_311,27352952_311,NO
39504614_312,40504266_312,YES
40067872_313,30410886_313,YES
40874887_314,12355360_314,YES
30283467_315,20848092_315,NO
38365352_316,7933117_316,NO
18203333_317,6142210_317,YES
33419719_318,38631782_318,YES
20326538_319,43548868_319,NO
5850183_320,5722055_320,YES
25548352_321,40691572_321,YES
26730699_322,22154018_322,NO
23186928_323,40664816_323,NO
28341205_324,6032030_324,NO
14296915_325,24549778_325,YES
31050009_326,38032665_326,YES
41460886_327,4382153_327,YES
23568981_328,30572904_328,YES
20367066_329,27277661_329,YES
41130182_330,8715410_330,NO
6953558_331,8972097_331,YES
36463049_332,25874864_332,YES
43718017_334,1029661_334,YES
2571201_335,29974971_335,YES
741841_336,32563136_336,NO
37753817_337,428841_337,YES
10226933_338,206274415_338,YES
40429981_339,419272_339,YES
22253134_340,29047521_340,YES
25637554_341,10904932_341,NO
11424276_342,10094748_342,YES
45389464_343,8492679_343,NO
28333814_344,24548044_344,YES
7340266_345,42240151_345,YES
5258282_346,2411849_346,YES
2526218_347,5758524_347,YES
7815447_348,9069694_348,NO
31601796_349,17954431_349,NO
22976031_350,205827225_350,YES
24112598_351,27104683_351,YES
200880_352,37103493_352,YES
14589470_353,14729184_353,YES
21973051_354,23244680_354,YES
2260114_355,1888708_355,YES
30561426_356,20112174_356,YES
25231964_357,9487486_357,YES
44650662_358,12632598_358,YES
39428782_359,37691459_359,YES
22398250_360,2021138_360,YES
32090166_361,12485941_361,NO
310607_362,20651992_362,YES
8699631_363,23978076_363,NO
46041607_364,35049353_364,YES
41976258_365,33808289_365,NO
35024504_366,9913358_366,NO
9039567_367,20528813_367,YES
16870357_369,6490416_369,YES
33103075_370,40996409_370,NO
26108203_371,33189828_371,YES
206504913_372,206040577_372,NO
14565637_373,43894790_373,NO
36544407_374,19812335_374,YES
19105469_375,4872220_375,YES
8714620_376,3534988_376,YES
27696043_377,28724062_377,NO
4606646_378,758662_378,NO
24950397_379,5602897_379,YES
2501191_380,30774958_380,YES
39546683_381,5822235_381,NO
9378192_382,6737675_382,NO
1456390_383,207633670_383,YES
25049198_384,52854631_384,NO
29289619_385,21406088_385,NO
11719249_386,16949909_386,YES
41965480_387,29214731_387,YES
25155536_388,6292256_388,NO
18526429_389,30601220_389,NO
22028827_390,24916323_390,YES
41769395_391,40752084_391,NO
15316025_392,2197559_392,YES
22699455_393,25419225_393,NO
38315498_394,9264727_394,YES
24584648_395,41203448_395,YES
12053493_396,22187367_396,YES
25520788_397,25100523_397,NO
22389003_398,1956955_398,YES
17800125_399,2603208_399,YES
24254858_400,1669780_400,YES
23110421_401,36620420_401,NO
26803838_402,25531916_402,YES
5498917_403,2773040_403,YES
44561267_404,15760310_404,NO
20582802_406,207486143_406,NO
23025640_407,3483713_407,YES
27453868_408,43136504_408,YES
31846497_409,206147267_409,YES
40131532_410,13612872_410,YES
30519423_411,41880437_411,YES
32347291_412,14285723_412,YES
16858242_413,206558895_413,NO
18714609_414,207007169_414,YES
25332532_415,15620514_415,NO
20562869_416,205390194_416,NO
38861211_417,3494708_417,NO
25168655_418,30195000_418,YES
35001074_419,33142246_419,YES
18841623_420,1433325_420,NO
9549831_421,2774520_421,NO
23001852_422,41154186_422,YES
24795044_423,51890205_423,YES
205833952_424,14238319_424,NO
32628131_425,12460529_425,YES
24670745_426,19082501_426,YES
1713192_427,205221643_427,YES
44594290_428,43775561_428,YES
38145885_429,25125035_429,YES
23735887_430,25890773_430,YES
41422387_431,13155835_431,YES
24822201_432,22624234_432,YES
205891556_433,7934855_433,NO
7054841_434,24361361_434,YES
20977246_435,36748088_435,YES
33826231_436,5384846_436,YES
24749094_437,13722355_437,YES
42063048_438,8514292_438,NO
31802910_439,8315309_439,YES
15626264_440,206609022_440,YES
12606246_441,37919153_441,NO
12287239_442,20855824_442,NO
38376168_443,38464068_443,YES
9307108_444,31371495_444,YES
5862348_445,20987229_445,YES
8970622_446,31050562_446,YES
27846494_447,21832837_447,NO
32143932_448,7856720_448,YES
9930444_449,2960336_449,NO
43835884_450,6413766_450,NO
33355589_451,9125157_451,YES
31203184_452,21229328_452,YES
5775720_453,116082651_453,NO
11907236_454,14830677_454,YES
20941348_455,23963685_455,YES
19222999_456,994529_456,NO
10559128_457,20388354_457,YES
6777132_458,23338200_458,NO
207379649_459,45958076_459,YES
38951672_460,42971166_460,NO
99749_461,12012669_461,YES
43228075_462,22308691_462,YES
5655290_463,21553285_463,NO
42207573_464,36306264_464,YES
205749317_465,32104161_465,NO
38535758_466,21081802_466,YES
20822598_467,25773638_467,YES
1091712_468,8922124_468,NO
4388591_469,35387464_469,YES
16168766_470,5509697_470,YES
22467793_471,52813826_471,NO
7606203_472,39554491_472,NO
26870344_473,40461923_473,YES
25998608_474,4541404_474,NO
207268671_475,36583826_475,YES
10390653_476,29623161_476,YES
17290352_477,31469569_477,YES
32236950_478,29464470_478,YES
23137314_479,42392150_479,YES
24039951_480,206039879_480,YES
26952451_481,39045895_481,YES
25566764_482,479141_482,YES
25003581_483,206238456_483,NO
3914263_484,13710038_484,NO
46644994_485,32899393_485,NO
24677912_486,8716171_486,YES
30976842_487,40718335_487,NO
1684287_488,39225711_488,YES
29975067_489,19785608_489,YES
10504457_490,26929568_490,YES
4910889_491,13817743_491,NO
28973774_492,19915774_492,NO
42213092_493,23515323_493,YES
36477788_494,3104143_494,YES
776465_495,24450574_495,NO
484366_496,36398431_496,YES
22305817_497,5162173_497,YES
37878834_498,2641586_498,YES
45918785_499,5442651_499,YES
33325285_500,24492361_500,YES
16388393_501,206302444_501,YES
21090906_502,34469293_502,YES
20957404_503,29755280_503,YES
42928380_504,3578621_504,NO
5243071_505,10869711_505,NO
42047884_506,45638655_506,YES
10302050_507,14863862_507,YES
42909816_508,24862226_508,YES
19775231_509,25094769_509,YES
43313169_510,25152877_510,YES
10639219_511,43864039_511,YES
30240442_512,23238556_512,YES
42719419_513,23882823_513,YES
5426624_514,5924310_514,YES
10803222_515,5924310_515,YES
8987532_516,35322079_516,NO
26176823_517,2265376_517,NO
33828160_518,10528360_518,NO
11687275_519,28263985_519,NO
6509707_520,22030590_520,NO
37006663_521,30878308_521,NO
40378628_522,17644516_522,NO
46856268_523,7258834_523,NO
19097769_524,205290386_524,NO
13073293_525,30581094_525,NO
46458_526,7330194_526,NO
25414647_527,40274857_527,NO
26812053_528,19449520_528,NO
22527040_529,37848608_529,NO
40437088_530,26065618_530,NO
87770_531,6546185_531,NO
29183222_532,206273720_532,NO
10984935_533,17817674_533,NO
41523774_534,41048029_534,NO
28462776_535,5849885_535,NO
44797158_536,30205389_536,NO
22045416_537,12979160_537,NO
28124183_538,31234749_538,NO
37117027_539,22127392_539,NO
19625331_540,45778626_540,NO
18171427_541,206267879_541,NO
34844929_542,30816514_542,NO
36375957_543,32314883_543,NO
36044176_544,25452933_544,NO
22845748_545,206305990_545,NO
4235334_546,3140111_546,NO
23330096_547,22809795_547,NO
30351693_548,7000008_548,NO
6383750_549,21266799_549,NO
24216814_550,21945775_550,NO
3162584_551,30296755_551,NO
24339986_552,24028176_552,NO
20322261_553,205434549_553,NO
32017416_554,32201032_554,NO
24803829_555,13659765_555,NO
27485550_556,40941530_556,NO
2840842_557,6540043_557,NO
28832194_558,4635963_558,NO
4925752_559,10654165_559,NO
13647645_560,206393492_560,NO
36921414_561,14515563_561,NO
41275488_562,206171923_562,NO
29671412_563,9958775_563,NO
8990226_564,41399871_564,NO
21077716_565,28064955_565,NO
16930387_566,22553816_566,NO
1460628_567,13802571_567,NO
21567235_568,20673887_568,NO
25795988_569,45743444_569,NO
23436757_570,42150584_570,NO
31227523_571,22768760_571,NO
6438952_572,21157420_572,NO
2642107_573,29424314_573,NO
23772758_574,23657181_574,NO
20665761_575,27330817_575,NO
613039_576,19287748_576,NO
39328324_577,26506370_577,NO
10440384_578,36598332_578,NO
27792150_579,23937939_579,NO
3500776_580,16014500_580,NO
15477004_581,39134122_581,NO
42306686_582,23513870_582,NO
28794745_583,15315253_583,NO
18518405_584,14981037_584,NO
38526660_585,14209956_585,NO
13440655_586,2439052_586,NO
41611053_587,3229588_587,NO
33343032_588,1186190_588,NO
29429415_589,43294466_589,NO
16219669_590,11561134_590,NO
31261949_591,44760738_591,NO
8384622_592,34428435_592,NO
9492371_593,28750129_593,NO
8243275_594,25276849_594,NO
19058083_595,23226070_595,NO
25800037_596,19860061_596,NO
38784607_597,206895404_597,NO
31935835_598,7198678_598,NO
23867270_599,29414913_599,NO
41643533_600,25017037_600,NO
1114038_601,46763469_601,NO
5478886_603,42006600_603,NO
5426624_604,5924310_604,NO
10803222_605,5924310_605,NO
27133736_606,28736098_606,NO
37270081_609,11027408_609,NO
46389571_610,25521025_610,NO
3523788_611,39741198_611,NO
37267048_612,4082780_612,NO
45270341_613,14369674_613,NO
14593131_614,34073948_614,NO
28356292_615,43438397_615,NO
12791014_616,2795011_616,NO
22368045_617,21561093_617,NO
40514488_618,34771438_618,NO
25117864_619,40344297_619,NO
17296865_620,5145703_620,NO
5379217_621,3929903_621,NO
43298869_622,8904961_622,NO
32775326_623,8904961_623,NO
3151970_625,205104110_625,NO
12722110_626,30474839_626,NO
12498478_627,28827197_627,NO
19377944_628,22582384_628,NO
36113522_629,16868313_629,NO
7744473_630,208924644_630,NO
44592602_631,10780732_631,NO
34882778_632,16942426_632,NO
27174069_633,19332651_633,NO
25054816_636,39346516_636,NO
1252040_637,44413864_637,NO
41692312_638,20118951_638,NO
43721427_639,39849361_639,NO
5823986_640,20396856_640,NO
12327763_641,7922436_641,NO
29120716_642,25454134_642,NO
206407567_643,20426281_643,NO
37267197_644,31081484_644,NO
42086235_645,11325708_645,NO
3938789_646,3599812_646,NO
24997778_647,44394351_647,NO
6272106_648,33093963_648,NO
1947897_649,26042445_649,NO
36470871_650,21270371_650,NO
26237468_651,26935873_651,NO
28680492_652,5034392_652,NO
32166071_653,205624222_653,NO
19415602_654,15910907_654,NO
45438168_655,23620599_655,NO
39899143_656,38168114_656,NO
41474806_657,31199940_657,NO
29329678_658,13967496_658,NO
3250881_659,40023665_659,NO
7788016_660,19440980_660,NO
419488_661,10675434_661,NO
22731995_662,9857166_662,NO
23436176_663,11748388_663,NO
21459177_665,36622814_665,NO
2942577_666,23004_666,NO
28431248_667,38867112_667,NO
34901896_669,2913617_669,NO
3977125_670,12667338_670,NO
23915478_671,15878248_671,NO
23195799_672,20535093_672,NO
46787686_673,31686145_673,NO
20724106_674,10038809_674,NO
11634479_675,538362_675,NO
24775370_676,30200513_676,NO
24023149_677,42999427_677,NO
7478587_678,42247668_678,NO
9444394_679,2219864_679,NO
43229131_680,21279228_680,NO
35980949_681,37833467_681,NO
26793366_682,30935482_682,NO
11064552_683,25032197_683,NO
42882270_684,31627455_684,NO
11401651_685,205460427_685,NO
35399685_686,694421_686,NO
10820500_687,9326196_687,NO
33106601_688,3655772_688,NO
42719241_689,21602948_689,NO
9047142_690,8740046_690,NO
21007585_691,32640246_691,NO
42949897_692,1492334_692,NO
37483287_693,15426672_693,NO
39450587_694,34282489_694,NO
35774997_695,25096825_695,NO
14148474_696,32030933_696,NO
10542343_697,24080166_697,NO
19378952_698,22513508_698,NO
25123266_699,10435501_699,NO
29398932_700,21946711_700,NO
36064875_701,43315065_701,NO
44714006_702,41224870_702,NO
36843368_703,32263562_703,NO
207587982_704,1258432_704,NO
24363322_705,17966648_705,NO
6414452_706,7945907_706,NO
7057213_707,24103422_707,NO
8600990_708,7131240_708,NO
16813706_709,20153181_709,NO
378860_710,206110158_710,NO
13108880_711,17789316_711,NO
31655561_712,35214264_712,NO
13203841_713,10933211_713,NO
23434318_714,42505808_714,NO
10087153_715,9298406_715,NO
37361075_716,14944778_716,NO
25430669_717,44594466_717,NO
23197398_718,25495666_718,NO
24503166_719,10915574_719,NO
12478905_720,40153188_720,NO
44860943_721,28173433_721,NO
617355_722,8942828_722,NO
206414791_723,21965989_723,NO
11876278_724,20348540_724,NO
572839_725,35708126_725,NO
39147988_726,16622942_726,NO
20420717_727,12712465_727,NO
38981886_728,5273459_728,NO
29124596_729,16436334_729,NO
29623134_730,42904991_730,NO
23468785_731,24051592_731,NO
44309097_732,27762572_732,NO
39434373_733,36295259_733,NO
27196952_734,15868464_734,NO
44309721_735,2034274_735,NO
37651050_736,12363645_736,NO
8071644_737,39972142_737,NO
38804506_738,23465123_738,NO
40818793_739,25002451_739,NO
36073436_740,9868253_740,NO
40934489_741,8098800_741,NO
205690740_742,41515065_742,NO
17888975_743,7589203_743,NO
32670168_744,22360881_744,NO
35655210_745,16095030_745,NO
31497766_746,25044702_746,NO
25322616_747,7819307_747,NO
23158070_748,207667456_748,NO
11392431_749,40718335_749,NO
205275039_750,1633999_750,NO
8489537_751,43376595_751,NO
30883495_753,206772281_753,NO
11187550_754,34191194_754,NO
12680907_755,26409480_755,NO
40840103_756,22819908_756,NO
15484650_757,25986769_757,NO
31724767_758,2600406_758,NO
33580437_759,28123053_759,NO
27571170_760,2494070_760,NO
12971988_761,17306652_761,NO
206416691_762,12480602_762,NO
9509715_763,3269107_763,NO
5552159_764,26272861_764,NO
45033274_765,205856615_765,NO
21762783_766,205320701_766,NO
36062723_767,37615074_767,NO
36649944_768,5410610_768,NO
8278720_769,206285348_769,NO
205804931_770,30369018_770,NO
1332184_771,3847032_771,NO
44401838_772,28322953_772,NO
762791_773,1877020_773,NO
205588850_774,4068146_774,NO
40477016_775,13352460_775,NO
25628030_776,5240012_776,NO
24859022_777,24425832_777,NO
33566013_778,22009068_778,NO
32705223_779,37996484_779,NO
16663287_780,11576281_780,NO
17731146_781,26045414_781,NO
323455_782,2666252_782,NO
20456736_783,3973671_783,NO
2922463_784,25652188_784,NO
26337940_785,12788157_785,NO
35596528_786,4621292_786,NO
12975964_787,26345379_787,NO
39214431_788,21561468_788,NO
7473743_789,34565613_789,NO
16168210_790,207690413_790,NO
1854174_791,208925842_791,NO
24977328_792,39062422_792,NO
23682528_794,10614248_794,YES
237320_795,35564500_795,YES
28031331_796,19917662_796,YES
27805849_797,21509068_797,YES
32002664_798,26281687_798,YES
24217648_799,23227102_799,YES
8870734_800,22236933_800,YES
8114146_801,18680944_801,YES
21801437_802,41549404_802,YES
8660967_803,1152198_803,YES
33219834_804,38261169_804,YES
23601902_805,11229768_805,YES
37338535_806,30886913_806,YES
27902642_807,22939169_807,YES
2163539_808,105723_808,YES
7707255_809,40855455_809,YES
22984415_810,8531172_810,YES
993397_811,36124958_811,YES
1011856_812,30848736_812,YES
36303343_813,21274044_813,YES
206713908_814,8198547_814,YES
35529941_815,10892042_815,YES
32067169_816,9017520_816,YES
3434064_817,9914199_817,YES
25466011_818,15954452_818,YES
627160_819,22429769_819,YES
42683597_820,8732660_820,YES
20556085_821,33884971_821,YES
15483234_822,25975414_822,YES
36376405_823,27320468_823,YES
13253857_824,6940134_824,YES
36710636_825,22816801_825,YES
205374316_826,208923557_826,YES
46820388_827,46782616_827,YES
20096130_828,42952124_828,YES
3350930_829,22301182_829,YES
36160752_830,33885201_830,YES
205802681_831,25393966_831,YES
12837453_832,205057275_832,YES
41069559_833,24442973_833,YES
39257517_834,19628978_834,YES
43320958_835,5185831_835,YES
19680057_836,44589526_836,YES
5668521_837,6480242_837,YES
13602440_838,17168171_838,YES
42850142_839,33826826_839,YES
20082778_840,15707365_840,YES
31675643_841,6618027_841,YES
36254591_842,19532870_842,YES
27651982_843,31174483_843,YES
13031434_844,9648353_844,YES
8821636_845,22331786_845,YES
44601529_846,30662638_846,YES
17420446_847,36795035_847,YES
14097343_848,5984729_848,YES
1814535_849,45577161_849,YES
32228526_850,22779156_850,YES
4667004_851,17481675_851,YES
44772707_852,21945098_852,YES
11200289_853,10841441_853,YES
46520_854,21989884_854,YES
2448427_855,18135197_855,YES
4411485_856,2932180_856,YES
2590157_857,37804207_857,YES
31019696_858,1720029_858,YES
1640655_859,17885257_859,YES
30360442_860,29464436_860,YES
12979483_861,6951613_861,YES
39320795_862,46179398_862,YES
39422969_863,6156333_863,YES
25518905_864,40695199_864,YES
20285731_865,206458474_865,YES
19653426_866,27511521_866,YES
22389188_867,762390_867,YES
3438126_868,28434994_868,YES
45241350_869,45135144_869,YES
16316531_870,6175397_870,YES
6759334_871,17440596_871,YES
15298175_872,5014476_872,YES
31801109_873,45085732_873,YES
22795483_874,23047440_874,YES
37138231_875,17791908_875,YES
21583964_876,11661835_876,YES
46390551_877,11899310_877,YES
14683362_878,6644201_878,YES
31765609_879,135444875_879,YES
22516596_880,6928984_880,YES
25461060_881,207625193_881,YES
43499054_882,32699380_882,YES
13051497_883,30067545_883,YES
41181831_884,5887961_884,YES
43624966_885,20030315_885,YES
24311634_886,12890360_886,YES
35054735_887,23710997_887,YES
26050673_888,18461983_888,YES
24456453_889,206162162_889,YES
16460470_890,18564658_890,YES
11576322_891,10232848_891,YES
205346799_892,23410518_892,YES
6541783_893,11808498_893,YES
6840140_894,28272534_894,YES
24893996_895,26707900_895,YES
26422889_896,46806595_896,YES
42312312_897,2439704_897,YES
2614014_898,19825714_898,YES
28638920_899,26709455_899,YES
1083234_900,26202485_900,YES
38015893_901,31897874_901,YES
38208052_902,32682016_902,YES
24125298_903,41331351_903,YES
6368848_904,33577368_904,YES
1616494_905,45285064_905,YES
19880909_906,39704790_906,YES
38336935_907,16202574_907,YES
23754686_908,25671972_908,YES
13552429_909,46557956_909,YES
30759748_910,12972128_910,YES
20384200_911,22909357_911,YES
5501075_912,5627499_912,YES
18123056_913,26370374_913,YES
23495347_914,1528297_914,YES
23695843_915,25716661_915,YES
23874826_916,11098371_916,YES
29220805_917,20177955_917,YES
30450755_918,36658543_918,YES
26999693_919,6656580_919,YES
23302226_920,39059852_920,YES
27452999_921,24932674_921,YES
35545993_922,19945473_922,YES
28111646_923,10434527_923,YES
11282909_924,23801764_924,YES
25192520_925,578021_925,YES
36733060_926,29962323_926,YES
10359866_927,25615787_927,YES
23052915_928,22997636_928,YES
6517680_929,8635066_929,YES
22921131_930,17521042_930,YES
29132816_931,20806869_931,YES
19147917_932,35722584_932,YES
19300057_933,21975155_933,YES
27302481_934,4536995_934,YES
29533789_935,10087219_935,YES
59699_936,7451841_936,YES
20604085_937,22025736_937,YES
5517042_938,4577920_938,YES
7125146_939,34261879_939,YES
207263829_940,25229827_940,YES
19409899_941,22017660_941,YES
2914577_942,20110171_942,YES
11123304_943,7304070_943,YES
43756432_944,2187539_944,YES
41283045_945,23760050_945,YES
35732786_946,42312488_946,YES
41279769_947,206258409_947,YES
17756544_948,8957467_948,YES
869134_950,12397077_950,YES
25162320_951,23606557_951,YES
32150623_952,24944410_952,YES
11877645_953,5374496_953,YES
205733263_954,3278532_954,YES
40485322_955,37179107_955,YES
27933046_956,32196631_956,YES
24878703_957,41295118_957,YES
20414039_958,39410573_958,YES
20168083_959,7005609_959,YES
15745225_960,115212098_960,YES
10494780_961,24765668_961,YES
42663567_962,6243685_962,YES
45337650_963,42293465_963,YES
24706551_964,26268326_964,YES
38474495_965,32360517_965,YES
19528861_966,8135179_966,YES
205561016_967,15757384_967,YES
1117161_968,584070_968,YES
8394805_969,21512986_969,YES
13660533_970,13193439_970,YES
25352010_971,9118071_971,YES
15217012_972,23488927_972,YES
2878243_973,31384_973,YES
13927110_974,12994172_974,YES
17054328_975,35623183_975,YES
8559577_976,14651263_976,YES
16037839_977,38645015_977,YES
43261303_978,10114907_978,YES
8368000_979,207046153_979,YES
11393955_980,9878716_980,YES
39156621_981,39507224_981,YES
22123875_982,20105918_982,YES
19465460_983,15447749_983,YES
27606242_984,23747438_984,YES
22454004_985,25172742_985,YES
2140005_986,40684295_986,YES
4801424_987,35173589_987,YES
43841349_988,35093118_988,YES
8829745_989,29391888_989,YES
8329475_990,42151826_990,YES
23478652_991,691515_991,YES
2770447_992,21557233_992,YES
37731721_993,30454113_993,YES
2734125_994,15222450_994,YES
11227649_995,25664411_995,YES
37851298_996,30713462_996,YES
45134403_997,24258832_997,YES
9242743_998,43426259_998,YES
12929741_999,205134180_999,YES
3201660_1000,25515009_1000,YES
23680137_1001,19804450_1001,YES
26337869_1002,29180865_1002,YES
44500519_1003,8746487_1003,YES
45083548_1004,14368255_1004,YES
45005328_1005,40772989_1005,YES
41839218_1006,11600936_1006,YES
33973130_1007,11305713_1007,YES
32592237_1008,44914512_1008,YES
7120918_1009,2160307_1009,YES
20866416_1010,11856534_1010,YES
21496677_1011,499092_1011,YES
44947630_1012,24698943_1012,YES
41155281_1013,7765993_1013,YES
140116583_1014,36122754_1014,YES
1026397_1015,23942399_1015,YES
28238670_1016,207623613_1016,YES
32840948_1017,46227084_1017,YES
43873377_1018,25441294_1018,YES
20778495_1019,24635739_1019,YES
23178426_1020,20280690_1020,YES
3118880_1021,26791471_1021,YES
45060519_1022,7353203_1022,YES
22943409_1023,34480115_1023,YES
5353682_1024,5117011_1024,YES
7445403_1025,45192141_1025,YES
18490120_1026,15678682_1026,YES
33450741_1027,28881429_1027,YES
40230598_1028,32993232_1028,YES
24788733_1029,19714595_1029,YES
12602038_1030,8303400_1030,YES
21500411_1031,19314191_1031,YES
40464598_1032,10127076_1032,YES
33861531_1033,45035254_1033,YES
23137007_1034,20407992_1034,YES
35197533_1035,25944933_1035,YES
42708193_1036,36149661_1036,YES
1440660_1037,44711005_1037,YES
20121372_1038,34930484_1038,YES
34310562_1039,11987410_1039,YES
25323414_1040,5287108_1040,YES
21324085_1041,42241958_1041,YES
38198337_1042,27569260_1042,YES
2323741_1043,25064774_1043,YES
35278992_1044,33694233_1044,YES
21524175_1045,9432556_1045,YES
10475476_1046,8047470_1046,YES
2312501_1047,23511482_1047,YES
28108215_1048,16085929_1048,YES
10914862_1049,2172991_1049,YES
8613722_1050,25324231_1050,YES
39046834_1051,33009991_1051,YES
8302035_1052,38893005_1052,YES
12456985_1053,30294991_1053,YES
12127100_1054,20858323_1054,YES
12020815_1055,12570520_1055,YES
20359898_1056,1798050_1056,YES
433148_1057,20480660_1057,YES
11971335_1058,37719028_1058,YES
29353873_1059,9978273_1059,YES
31176955_1060,30995565_1060,YES
12045843_1061,46043143_1061,YES
10945879_1062,35019625_1062,YES
13789471_1063,4670315_1063,YES
19332701_1064,13848293_1064,YES
36951789_1065,21447234_1065,YES
1296335_1066,19591146_1066,YES
3157021_1067,29454186_1067,YES
205837629_1068,205364498_1068,YES
20680192_1069,45667346_1069,YES
40157545_1070,32300190_1070,YES
2403221_1071,24100077_1071,YES
26241285_1072,10125636_1072,YES
27766043_1073,19051957_1073,YES
38281989_1074,22567699_1074,YES
28646955_1075,31137784_1075,YES
2412312_1076,2765062_1076,YES
205951033_1077,24506195_1077,YES
31502246_1078,12080652_1078,YES
20431793_1079,20570471_1079,YES
24849397_1080,4767678_1080,YES
13544728_1081,9967692_1081,YES
39314793_1082,27135814_1082,YES
1513887_1083,751195_1083,YES
32480882_1084,9973003_1084,YES
39602558_1086,29645544_1086,YES
7514308_1087,4777169_1087,YES
5203929_1088,22455823_1088,YES
10784951_1089,806059_1089,YES
13786298_1090,28610832_1090,YES
1704738_1091,15620051_1091,YES
5189310_1092,3302197_1092,YES
39517890_1093,12997984_1093,YES
11987578_1094,37249337_1094,YES
26963120_1095,5939335_1095,YES
30234864_1096,17871358_1096,YES
41548532_1097,1836224_1097,YES
29957607_1098,9038785_1098,YES
24306369_1099,25171035_1099,YES
23775677_1100,5158324_1100,YES
20167117_1101,26029999_1101,YES
25938171_1102,9737428_1102,YES
37098911_1103,42567449_1103,YES
25611449_1104,33057178_1104,YES
11828538_1105,31854016_1105,YES
45561243_1106,5611401_1106,YES
31321685_1107,8580051_1107,YES
14231856_1108,19322080_1108,YES
19297311_1109,24707760_1109,YES
21739268_1110,24960006_1110,YES
206163607_1111,28319779_1111,YES
26655554_1112,34366058_1112,YES
5836935_1113,46864988_1113,YES
22371787_1114,13571283_1114,YES
30178946_1115,8243539_1115,YES
205278403_1116,207075599_1116,YES
45090468_1117,21965952_1117,YES
22058401_1118,11088010_1118,YES
32420800_1119,7134898_1119,YES
30334655_1120,28684433_1120,YES
6194345_1121,30780833_1121,YES
23216408_1122,206418607_1122,YES
38407830_1123,39730345_1123,YES
37570022_1124,13238121_1124,YES
37173415_1125,2340559_1125,YES
12217800_1126,32559652_1126,YES
33474030_1127,24940846_1127,YES
34381869_1128,12290594_1128,YES
25467245_1129,8119639_1129,YES
34375817_1130,43674337_1130,YES
46791496_1131,25412490_1131,YES
28759842_1132,205027472_1132,YES
8809328_1133,34676837_1133,YES
42928962_1134,21579006_1134,YES
41642535_1135,31628317_1135,YES
5889508_1136,7030503_1136,YES
35557351_1137,27685593_1137,YES
8538979_1138,2453371_1138,YES
8757022_1139,19251611_1139,YES
32247193_1140,37420377_1140,YES
35872169_1141,23428201_1141,YES
43886278_1142,25448918_1142,YES
37280802_1143,20803666_1143,YES
23622664_1144,6047184_1144,YES
35386450_1145,38684391_1145,YES
7385505_1146,19097605_1146,YES
207517614_1147,11347280_1147,YES
39004565_1148,22892295_1148,YES
22735252_1149,2792819_1149,YES
40727758_1150,205884101_1150,YES
206549436_1151,32836691_1151,YES
43680101_1152,6390391_1152,YES
3663740_1153,34896048_1153,YES
21968273_1154,6748473_1154,YES
14931080_1155,4471935_1155,YES
24882083_1156,5866682_1156,YES
27866045_1157,20494522_1157,YES
30035959_1158,40348564_1158,YES
22731730_1159,1156957_1159,YES
10196809_1160,16408893_1160,YES
10115491_1161,15921988_1161,YES
8174299_1162,20047688_1162,YES
22742118_1163,35752403_1163,YES
3509584_1164,14353629_1164,YES
38470508_1165,28767403_1165,YES
512971_1166,35616327_1166,YES
207667619_1167,32719026_1167,YES
10715708_1168,33228006_1168,YES
24734180_1169,41468620_1169,YES
29918745_1170,33089094_1170,YES
12599284_1171,205461305_1171,YES
32845550_1172,11099840_1172,YES
9742695_1173,37134251_1173,YES
41441768_1174,7256971_1174,YES
12366203_1175,5346631_1175,YES
36216248_1176,26433191_1176,YES
7582500_1177,2675827_1177,YES
42000018_1178,8905045_1178,YES
206802174_1179,12245524_1179,YES
24013632_1180,34085096_1180,YES
35397606_1181,3538998_1181,YES
12032652_1182,8131162_1182,YES
24991267_1183,205572493_1183,YES
9783678_1184,30056335_1184,YES
45412297_1186,961319_1186,YES
44672097_1187,21548265_1187,YES
36283268_1188,207274400_1188,YES
2743417_1189,520168_1189,YES
44695622_1190,14566505_1190,YES
7387413_1191,12938097_1191,YES
28590494_1192,8244477_1192,YES
33950274_1193,18288883_1193,YES
29648007_1194,28993993_1194,YES
8198126_1195,23217014_1195,YES
7724715_1196,25778278_1196,YES
20716920_1197,35188454_1197,YES
20059601_1198,13180258_1198,YES
10491452_1199,11354306_1199,YES
24046597_1200,9580729_1200,YES
35538994_1201,39684721_1201,YES
2920662_1202,32946433_1202,NO
22755902_1203,56193950_1203,YES
25805421_1204,32085075_1204,YES
24273025_1205,14154411_1205,YES
20947915_1206,11945429_1206,YES
11784927_1207,5245391_1207,YES
28381736_1208,2022304_1208,NO
18578971_1209,5502816_1209,NO
43456345_1210,11563153_1210,NO
2017678_1211,38565268_1211,NO
206097807_1212,26045414_1212,NO
22752563_1213,7088374_1213,YES
36273326_1214,34702856_1214,YES
25669886_1215,28535229_1215,YES
23253743_1216,11073327_1216,YES
8628662_1217,206345371_1217,NO
32969684_1218,2433440_1218,YES
20576461_1219,46048983_1219,NO
39429320_1220,23464740_1220,NO
43562754_1221,33688129_1221,YES
7927745_1222,36910621_1222,NO
39114817_1223,31923690_1223,YES
205587678_1224,23212432_1224,YES
37924269_1225,7055224_1225,NO
27325114_1226,207370434_1226,YES
25750364_1227,205053467_1227,YES
41365092_1228,45018006_1228,YES
6386292_1229,24087019_1229,NO
23314361_1230,40608241_1230,YES
40390135_1231,23586160_1231,NO
206345681_1232,5545716_1232,YES
39376652_1233,39160868_1233,YES
3047479_1234,971631_1234,NO
1914549_1235,7408126_1235,YES
13675392_1236,15659832_1236,NO
8230500_1237,2369423_1237,NO
24052354_1238,7700883_1238,NO
25177332_1239,1019648_1239,NO
35681993_1240,33137899_1240,NO
39201716_1241,29922140_1241,YES
23927043_1242,4035197_1242,YES
23098552_1243,23937939_1243,NO
28263463_1244,7675868_1244,YES
40343393_1245,22414243_1245,YES
27146021_1246,35284183_1246,YES
21513536_1247,23340958_1247,NO
8171869_1248,22903158_1248,NO
15973479_1249,17027138_1249,YES
44983972_1250,10654882_1250,NO
9387115_1251,810503_1251,YES
23063363_1252,32959736_1252,YES
28837864_1253,6621341_1253,YES
35610369_1254,43493829_1254,YES
36883532_1255,17359853_1255,NO
3670749_1256,21072508_1256,YES
37254358_1257,6287755_1257,YES
6522727_1258,35092868_1258,YES
10665258_1259,26430356_1259,YES
21092653_1260,30769557_1260,YES
5820754_1261,18224218_1261,YES
34739176_1262,38728958_1262,NO
36380579_1263,41290146_1263,YES
5663835_1264,206177766_1264,YES
1301918_1265,3099506_1265,NO
8070786_1266,28032429_1266,NO
24899125_1267,8572218_1267,YES
42999256_1268,10949871_1268,YES
32310804_1269,41029708_1269,YES
31306566_1270,17241953_1270,NO
812432_1271,18837240_1271,YES
35653261_1272,22817569_1272,YES
26046315_1273,8046668_1273,YES
1201128_1274,206653189_1274,YES
22455717_1275,18233450_1275,YES
8238132_1276,31381715_1276,YES
34970206_1277,1444959_1277,YES
21390688_1278,205936904_1278,YES
40673241_1279,25309748_1279,NO
41932385_1280,12084137_1280,YES
25493373_1281,7954283_1281,YES
24694009_1282,730126_1282,YES
24971427_1283,33458921_1283,YES
21930955_1285,25426963_1285,YES
11524042_1286,5701407_1286,NO
27355995_1287,291285_1287,YES
2336078_1288,270667_1288,YES
40160524_1289,42798050_1289,YES
6831562_1290,4590322_1290,NO
22388076_1291,206405283_1291,YES
32377542_1292,36573470_1292,YES
6858162_1293,4442037_1293,YES
36579237_1294,2914509_1294,NO
207653210_1295,25028206_1295,YES
11007344_1296,15872292_1296,YES
34176802_1297,22009068_1297,NO
26714674_1298,10759378_1298,YES
29907273_1299,815599_1299,NO
21930263_1300,28125785_1300,YES
205942_1301,206163478_1301,YES
1395267_1302,9781079_1302,YES
40154958_1303,26246230_1303,NO
45383422_1304,10749524_1304,YES
24289333_1305,24564454_1305,NO
23062250_1306,23691230_1306,YES
13525192_1307,207293020_1307,YES
3287191_1308,41449752_1308,NO
32187863_1309,19092523_1309,NO
23637678_1310,1601084_1310,YES
24335434_1311,452257_1311,NO
16813271_1312,19637452_1312,YES
11811305_1313,10109120_1313,YES
46346488_1314,37023840_1314,NO
1009157_1315,41887150_1315,YES
3910261_1316,14004840_1316,YES
3967705_1317,24420593_1317,NO
20105938_1318,23205460_1318,NO
23696558_1319,38439738_1319,NO
20696045_1320,46790596_1320,NO
31066899_1321,42278805_1321,NO
24414310_1322,164725_1322,YES
22414373_1323,7765053_1323,YES
22244346_1324,28965403_1324,YES
42222529_1325,25040710_1325,NO
23177411_1326,38450287_1326,YES
32758802_1327,45644975_1327,YES
22593535_1328,7211154_1328,YES
29516615_1329,6312769_1329,YES
20740436_1330,21541608_1330,YES
32603827_1331,27368293_1331,YES
30107031_1332,206590819_1332,YES
32793550_1333,29383083_1333,YES
22061042_1334,2738949_1334,YES
30437571_1335,31602591_1335,NO
22626438_1336,20300197_1336,NO
21322598_1337,20714335_1337,NO
21488365_1338,16412057_1338,NO
10788089_1339,5980708_1339,NO
22076598_1340,12450776_1340,YES
37349256_1341,1790772_1341,YES
37606264_1342,474268_1342,YES
5259760_1343,27102146_1343,YES
21762299_1344,29549793_1344,YES
26172154_1345,16643464_1345,YES
17824208_1346,4617561_1346,YES
17068125_1347,5168347_1347,YES
206275483_1348,206260519_1348,YES
205658914_1349,25232140_1349,YES
29561624_1350,11563446_1350,YES
21764984_1351,21615_1351,YES
4064164_1352,5309029_1352,YES
22237653_1353,36730079_1353,YES
28626460_1354,31180297_1354,YES
6112801_1355,17811926_1355,YES
2707419_1356,19962326_1356,YES
19852769_1357,14587548_1357,YES
30788485_1358,6000931_1358,YES
206311839_1359,43653679_1359,YES
12029585_1360,33489357_1360,YES
27400891_1361,26760772_1361,YES
23991104_1362,34453592_1362,YES
6903194_1363,40554091_1363,YES
43348059_1364,22663110_1364,YES
22926731_1365,29988266_1365,YES
5261981_1366,8612708_1366,YES
38981526_1367,29634756_1367,YES
20528160_1368,27915596_1368,YES
3338683_1369,21315369_1369,YES
8322071_1370,17592260_1370,YES
25451110_1371,38626412_1371,YES
206210465_1372,15917842_1372,YES
19555133_1373,40113065_1373,YES
14055830_1374,10745896_1374,YES
13494211_1375,11726410_1375,YES
39109308_1376,25950064_1376,YES
18301088_1377,23332218_1377,YES
10003180_1378,34676216_1378,YES
4388001_1379,4427321_1379,YES
33763074_1381,8048423_1381,YES
37508750_1382,42421757_1382,YES
34973836_1383,29396004_1383,YES
31354771_1384,24352493_1384,YES
34886253_1385,14836505_1385,YES
31140269_1386,26395560_1386,YES
9241941_1387,2326591_1387,YES
31936091_1388,2033487_1388,YES
8152329_1389,8083723_1389,YES
3473343_1390,35567921_1390,YES
33182063_1391,3905183_1391,YES
21203513_1392,5641243_1392,YES
12533744_1393,22886916_1393,YES
23767148_1394,23698862_1394,YES
10344232_1395,25499506_1395,YES
1112213_1396,46656692_1396,YES
36031157_1397,26073519_1397,YES
25874932_1398,39978155_1398,YES
9065024_1399,1251113_1399,YES
23475271_1400,45777804_1400,YES
206347304_1401,24665034_1401,YES
4011620_1402,30468569_1402,YES
16240431_1403,9282962_1403,YES
22115060_1404,23842483_1404,YES
31309351_1405,23018486_1405,YES
12894419_1406,13058407_1406,YES
24298320_1407,46121973_1407,YES
30847708_1408,8877242_1408,YES
16469882_1409,22868577_1409,YES
30547624_1410,1176013_1410,YES
35871218_1411,23625880_1411,YES
684741_1412,7066507_1412,YES
10925083_1413,54569740_1413,YES
35118078_1414,1767375_1414,YES
7288654_1415,23010062_1415,YES
10668269_1416,20795527_1416,YES
38996814_1417,6460026_1417,YES
206718296_1418,27256066_1418,YES
7343114_1419,25209390_1419,YES
205093485_1420,205973796_1420,YES
942202_1421,25213860_1421,YES
46553008_1422,14006198_1422,YES
40575247_1423,31525734_1423,YES
25131483_1424,23166838_1424,YES
24734556_1425,24190192_1425,YES
31077271_1426,6779548_1426,YES
24611689_1427,205411831_1427,YES
22361961_1428,3558122_1428,YES
5540829_1429,2764051_1429,YES
35879992_1430,9892587_1430,YES
13163118_1431,29836270_1431,YES
37971142_1432,43900910_1432,YES
24509524_1433,27922952_1433,YES
23372339_1434,27984385_1434,YES
21335045_1435,27399943_1435,YES
7235198_1436,28499982_1436,YES
311525_1437,9790871_1437,YES
21016571_1438,45960116_1438,YES
25342316_1439,772887_1439,YES
2320685_1440,26085432_1440,YES
46755117_1441,26902295_1441,YES
22518787_1442,26864166_1442,YES
205832067_1443,6115400_1443,YES
22047018_1444,44645680_1444,YES
206338258_1445,24519528_1445,YES
15551258_1446,40576008_1446,YES
7882149_1447,233662_1447,YES
33091340_1448,34910563_1448,YES
40111946_1449,10152000_1449,YES
10955060_1450,37856194_1450,YES
10186616_1451,6616640_1451,YES
19555002_1452,13268244_1452,YES
35798254_1453,39837725_1453,YES
8768280_1454,29072257_1454,YES
12468277_1455,25459622_1455,YES
6090241_1456,21811439_1456,YES
42632196_1457,35387681_1457,YES
8759124_1458,21403344_1458,YES
1929965_1459,22070108_1459,YES
39796041_1460,5978935_1460,YES
23595891_1461,4165984_1461,YES
19171307_1462,25608872_1462,YES
35685120_1463,25731563_1463,YES
40388020_1464,46532743_1464,YES
42383414_1465,39167799_1465,YES
27984198_1466,7906164_1466,YES
32129309_1467,23823077_1467,YES
25359238_1468,46638285_1468,YES
15723001_1469,38767576_1469,YES
27266288_1470,9233711_1470,YES
23382336_1471,42797848_1471,YES
23302728_1472,29512351_1472,YES
33956114_1473,12703711_1473,YES
45718484_1474,40621592_1474,YES
206208101_1475,9227001_1475,YES
25355546_1476,35683142_1476,YES
22055555_1477,16868474_1477,YES
216347_1478,1935952_1478,YES
41643449_1479,7898397_1479,YES
13856478_1480,207532119_1480,YES
26098670_1481,29377573_1481,YES
25101151_1482,44420607_1482,YES
40459592_1483,30811386_1483,YES
36558624_1484,12730534_1484,NO
43294726_1485,45743444_1485,NO
42704157_1487,37432027_1487,YES
9431287_1488,13907680_1488,YES
14238676_1489,35046916_1489,NO
22949860_1490,534587_1490,YES
1392083_1491,24663586_1491,NO
45482244_1492,32298000_1492,NO
17906547_1493,206285348_1493,NO
3837457_1494,21220901_1494,NO
10884555_1495,11576281_1495,NO
205837482_1496,1942662_1496,NO
